skill_a,skill_b,count
Python,SQL,6031
SQL,Tableau,5784
Excel,SQL,5447
Power BI,SQL,5094
Python,R,3912
Power BI,Tableau,3896
R,SQL,3834
Python,Tableau,3728
Excel,Power BI,3415
Power BI,Python,3408
Excel,Tableau,3227
R,Tableau,2711
Excel,Python,2675
Power BI,R,2348
Excel,R,1895
SAS,SQL,1781
Excel,PowerPoint,1777
Excel,Word,1731
R,SAS,1315
SQL,Snowflake,1248
Python,SAS,1247
Excel,SAS,1240
SAS,Tableau,1146
PowerPoint,Word,1057
PowerPoint,SQL,1054
Azure,SQL,1021
Looker,SQL,1014
SQL,Word,965
SQL,Spark,959
AWS,SQL,943
Power BI,SAS,932
Python,Spark,926
Python,Scala,762
Spark,Tableau,762
R,Spark,761
Looker,Tableau,748
SQL,Scala,741
Power BI,Spark,733
Python,Snowflake,724
Azure,Power BI,722
PowerPoint,Tableau,708
R,Scala,707
AWS,Python,704
Power BI,PowerPoint,686
Scala,Spark,684
Scala,Tableau,674
Snowflake,Tableau,663
Power BI,Scala,655
Looker,Python,654
Azure,Python,623
SAS,SPSS,611
SPSS,SQL,597
Power BI,Word,579
Alteryx,SQL,578
Excel,SPSS,574
Excel,Outlook,570
SQL,VBA,557
Go,SQL,547
Tableau,Word,538
Power BI,Snowflake,537
Excel,VBA,521
Jira,SQL,515
PowerPoint,Python,514
R,SPSS,513
Outlook,Word,508
AWS,Tableau,504
SAP,SQL,499
Alteryx,Tableau,495
Looker,Power BI,490
NoSQL,SQL,480
C,SQL,476
Excel,SAP,463
Azure,Tableau,458
Python,Word,427
Python,SPSS,425
SQL,SSRS,424
Excel,Snowflake,417
NoSQL,Python,416
JavaScript,SQL,415
Looker,R,413
PowerPoint,R,411
Java,Python,405
BigQuery,SQL,404
Excel,Sharepoint,404
Hadoop,SQL,401
Power BI,VBA,398
SQL,SSIS,396
Azure,Excel,387
R,Snowflake,383
AWS,Power BI,372
Java,SQL,366
Redshift,SQL,363
Python,VBA,357
SPSS,Tableau,352
Tableau,VBA,352
Power BI,SAP,352
Excel,Go,351
Outlook,PowerPoint,351
Alteryx,Power BI,350
R,Word,350
AWS,Azure,343
AWS,R,335
NoSQL,R,333
Qlik,SQL,333
Azure,R,333
Excel,Looker,332
Microstrategy,SQL,330
GCP,SQL,330
NoSQL,Power BI,328
NoSQL,Tableau,327
DAX,Power BI,326
Go,Tableau,325
Go,Python,322
Power BI,SPSS,320
SQL,Sharepoint,317
Alteryx,Python,316
Jira,Tableau,303
Hadoop,Python,302
Pandas,Python,299
AWS,Excel,299
Power BI,Qlik,298
Alteryx,Excel,297
AWS,Snowflake,296
Microstrategy,Tableau,295
C,Python,291
Qlik,Tableau,290
JavaScript,Python,289
Outlook,SQL,289
PowerPoint,SAS,289
DAX,SQL,289
SAS,Word,287
Power BI,SSRS,286
GCP,Python,283
Power BI,Sharepoint,283
Excel,JavaScript,280
Excel,Visio,278
R,VBA,278
Excel,Spark,274
BigQuery,Tableau,259
Pandas,SQL,256
GCP,Tableau,255
BigQuery,Python,255
NoSQL,SAS,252
SAP,Tableau,252
NoSQL,Spark,243
Python,Redshift,241
Go,Power BI,239
SAS,VBA,238
SQL,Visio,238
Redshift,Tableau,237
C,Excel,237
Hadoop,Tableau,234
C,Power BI,231
SAS,Spark,230
Linux/Unix,Python,229
Excel,NoSQL,228
Matplotlib,Python,226
Excel,SSRS,224
Power BI,SSIS,221
Excel,Jira,218
Hadoop,R,217
Excel,Scala,217
Git,SQL,216
BigQuery,Power BI,215
GCP,Power BI,215
Alteryx,R,214
Cognos,SQL,214
Matplotlib,SQL,212
SAS,Scala,211
Outlook,Power BI,211
Jira,Python,209
Azure,Snowflake,209
NoSQL,Scala,209
Java,Tableau,208
GCP,R,208
AWS,Redshift,207
SAS,Snowflake,205
Looker,Snowflake,204
C,Tableau,200
Python,Qlik,198
Git,Python,197
Outlook,Tableau,197
Excel,SSIS,196
Linux/Unix,SQL,195
Matlab,Python,192
Excel,Java,191
C,R,190
Java,R,190
Python,SAP,187
JavaScript,Power BI,187
Matplotlib,Tableau,185
SSRS,Tableau,185
C++,Python,185
Excel,Microstrategy,182
Excel,Qlik,181
NumPy,Python,181
SSIS,SSRS,180
DAX,Excel,179
NumPy,Pandas,179
Go,R,179
Visio,Word,178
BigQuery,R,175
PowerPoint,Sharepoint,174
Sharepoint,Tableau,172
Cognos,Excel,171
Matplotlib,Power BI,170
JavaScript,Tableau,169
Matplotlib,R,168
Matlab,R,168
BigQuery,Looker,168
Cognos,Tableau,166
PowerPoint,Visio,164
NumPy,SQL,163
Sharepoint,Word,162
Jira,Power BI,162
Excel,Matplotlib,161
JavaScript,SAS,160
GCP,Spark,160
Java,Power BI,160
Airflow,SQL,159
DAX,Python,156
SSIS,Tableau,155
Hadoop,Power BI,152
Excel,Hadoop,151
Github,SQL,150
Crystal,SQL,150
Pandas,Tableau,149
Hadoop,Spark,148
Pyspark,SQL,147
Looker,Spark,146
Redshift,Snowflake,146
AWS,Spark,143
NoSQL,VBA,143
Matlab,SQL,142
Outlook,Python,141
Qlik,R,139
JavaScript,R,139
Cognos,Power BI,139
Pyspark,Python,139
PowerPoint,SAP,137
SAP,Word,137
Html,SQL,135
R,Redshift,133
AWS,Hadoop,131
AWS,Looker,130
Power BI,Redshift,130
Microstrategy,Power BI,130
GCP,Scala,130
Azure,SAS,129
Microstrategy,Python,129
Matplotlib,SAS,128
Matplotlib,NoSQL,128
Power BI,Visio,128
Github,Python,126
C++,Java,123
BigQuery,Excel,122
Azure,Spark,122
Git,Tableau,122
SPSS,Snowflake,121
Airflow,Python,121
Looker,Scala,120
Matplotlib,Spark,118
Alteryx,PowerPoint,117
Azure,SSIS,115
DAX,Tableau,114
Python,SSRS,114
Outlook,R,113
R,SAP,112
JavaScript,SPSS,112
Python,SSIS,111
Matplotlib,Scala,110
Html,Python,110
Excel,GCP,109
Java,JavaScript,108
Hadoop,SAS,107
Microstrategy,R,107
MongoDB,SQL,107
Pandas,R,105
NumPy,Tableau,105
Jupyter,Python,104
DAX,R,104
Python,Sharepoint,103
C++,SQL,103
SPSS,Word,102
Crystal,Excel,102
GCP,Looker,102
PowerPoint,SPSS,102
Java,SAS,101
Looker,Redshift,100
Tableau,Visio,98
Matlab,Tableau,98
AWS,GCP,98
Git,R,97
Python,Scikit-Learn,97
Jupyter,SQL,97
Jira,Snowflake,97
Jira,R,97
C,SAS,96
Python,TensorFlow,96
Spark,VBA,96
VBA,Word,95
Alteryx,SAS,95
Azure,Word,94
SAP,Snowflake,94
Scala,VBA,94
Java,Scala,93
Azure,C,91
Airflow,Tableau,91
Azure,SSRS,91
BigQuery,Snowflake,91
BigQuery,Spark,91
C++,Tableau,90
Matlab,SAS,89
Hadoop,NoSQL,89
Azure,GCP,89
C,Java,89
Excel,Redshift,88
Excel,Pandas,87
PowerPoint,VBA,87
Outlook,Sharepoint,87
Outlook,SAS,86
SQL,Scikit-Learn,86
Hadoop,Snowflake,85
Alteryx,SAP,85
Jira,Microstrategy,85
Github,Tableau,84
Pandas,Power BI,84
BigQuery,Scala,83
C++,JavaScript,83
Linux/Unix,R,82
Docker,Python,82
Java,Spark,82
BigQuery,Redshift,80
C,Word,80
Powershell,SQL,80
Looker,SAS,79
NumPy,R,79
C,PowerPoint,79
Pandas,Scikit-Learn,78
PowerPoint,Qlik,78
PowerPoint,Snowflake,78
Matlab,Power BI,77
C++,R,76
Microstrategy,SAS,76
AWS,Java,76
Git,Power BI,75
Excel,Html,75
SPSS,VBA,75
Cognos,Python,75
Azure,PowerPoint,75
Go,Looker,74
R,SSRS,74
Cognos,R,73
Azure,Java,72
Go,PowerPoint,72
SQL,TensorFlow,72
MongoDB,Python,72
Python,Shell,71
Hadoop,Microstrategy,71
Css,SQL,71
Snowflake,Spark,71
AWS,SAS,70
Go,Word,70
C++,Power BI,70
AWS,BigQuery,70
SQL,Shell,70
Pyspark,Tableau,70
Python,Visio,69
NumPy,Scikit-Learn,69
Azure,Looker,68
Go,Snowflake,68
Power BI,TensorFlow,67
Qlik,Word,66
Tableau,TensorFlow,66
Azure,DAX,66
R,Sharepoint,66
Cognos,SAS,65
Alteryx,SSIS,65
Azure,Hadoop,65
Sharepoint,Visio,64
Crystal,Power BI,64
AWS,NoSQL,64
C,JavaScript,64
Snowflake,Word,64
Microstrategy,PowerPoint,64
Matplotlib,Pandas,64
Azure,Jira,64
Html,JavaScript,64
Alteryx,Snowflake,63
R,TensorFlow,63
Go,SAS,63
NoSQL,SPSS,63
AWS,Scala,63
Pyspark,R,62
Excel,Git,62
BigQuery,SAS,62
BigQuery,GCP,62
Linux/Unix,Tableau,61
C,SSRS,61
Github,Power BI,61
Alteryx,Word,61
Plotly,Python,61
Azure,Git,61
SQL,Splunk,61
R,SSIS,61
Plotly,SQL,60
Html,Power BI,59
Css,JavaScript,59
Crystal,Tableau,59
Cognos,Word,59
Hadoop,SPSS,59
Excel,Swift,59
Redshift,Spark,59
Alteryx,VBA,58
Jira,PowerPoint,58
R,Scikit-Learn,58
Excel,Linux/Unix,58
SQL,Swift,58
Azure,Scala,58
AWS,Git,57
Scikit-Learn,Tableau,57
Github,R,57
Docker,Java,56
Powershell,Python,56
C++,SAS,56
Microstrategy,SPSS,56
Airflow,Snowflake,56
Python,Splunk,56
AWS,SAP,56
AWS,Airflow,56
Excel,Github,56
Azure,BigQuery,55
AWS,Jira,55
Linux/Unix,Shell,55
Qlik,SAP,55
Excel,Matlab,55
Airflow,Looker,55
Azure,NoSQL,55
Spark,TensorFlow,54
GCP,SAS,54
Azure,Sharepoint,54
Java,Linux/Unix,54
Hadoop,VBA,53
PowerPoint,SSRS,53
Microstrategy,NoSQL,53
Alteryx,Azure,53
DAX,PowerPoint,53
Java,NoSQL,53
Jupyter,Tableau,52
AWS,Word,52
GCP,NoSQL,52
SAS,SSRS,52
AWS,Go,52
NumPy,Power BI,52
C++,Excel,52
Swift,Tableau,51
Microstrategy,VBA,51
AWS,Microstrategy,51
Go,SAP,50
Jira,Sharepoint,50
C,C++,50
Excel,NumPy,50
Css,Html,50
Jira,Word,49
SAS,TensorFlow,49
Hadoop,Scala,49
Docker,SQL,49
Html,R,49
SAP,VBA,49
Looker,NoSQL,49
PowerPoint,Swift,48
Looker,PowerPoint,48
C,SAP,48
Matlab,NoSQL,48
Docker,JavaScript,47
Matlab,Scala,47
BigQuery,NoSQL,47
Azure,Go,47
Microstrategy,Swift,46
Css,Python,46
PowerPoint,SSIS,46
Git,Snowflake,46
Html,Tableau,46
AWS,PowerPoint,46
Perl,Python,46
Gdpr,SQL,45
AWS,C,45
C,Snowflake,45
Power BI,Pyspark,45
DAX,SSRS,45
Splunk,Tableau,45
C,Go,45
Alteryx,Spark,45
Alteryx,Hadoop,45
Outlook,Visio,45
BigQuery,JavaScript,45
Qlik,SAS,45
Sharepoint,VBA,45
Azure,JavaScript,44
NoSQL,TensorFlow,44
Plotly,Tableau,44
SAP,Sharepoint,44
Azure,SAP,44
MongoDB,NoSQL,44
Matlab,VBA,44
SSRS,Word,44
Java,PowerPoint,44
AWS,Pandas,44
Scala,TensorFlow,43
MongoDB,Tableau,43
Hadoop,PowerPoint,43
Alteryx,DAX,43
Matplotlib,NumPy,43
Pandas,Snowflake,43
Airflow,R,43
Microstrategy,Snowflake,43
Azure,Redshift,43
AWS,Qlik,43
Github,Snowflake,43
Power BI,Powershell,43
C++,Docker,42
Airflow,Spark,42
Perl,SQL,42
Hadoop,Java,42
BigQuery,VBA,42
JavaScript,Word,42
C,SSIS,42
Outlook,SAP,42
Outlook,SPSS,41
AWS,JavaScript,41
Go,Java,41
DAX,SSIS,41
Pandas,Pyspark,41
SSIS,Word,41
Looker,Qlik,41
C,Sharepoint,40
Python,Seaborn,40
Html,Java,40
Azure,Linux/Unix,40
Excel,Powershell,40
Github,Jira,40
Css,Power BI,39
Hadoop,Pyspark,39
C,Scala,39
C,Looker,39
Java,Word,39
Html,Linux/Unix,39
Crystal,SSRS,39
Bash,Python,38
SSRS,Sharepoint,38
NumPy,Pyspark,38
Excel,Splunk,38
Perl,R,38
Jupyter,Power BI,38
Aurora,SQL,38
Jupyter,R,38
SAP,SAS,38
Redshift,SAS,38
Excel,MongoDB,38
Matlab,Spark,38
Powershell,Tableau,37
Ggplot2,Tableau,37
Pandas,PowerPoint,37
Azure,Powershell,37
Excel,Jupyter,37
Hadoop,SAP,37
AWS,MongoDB,37
Azure,Outlook,37
Looker,Matplotlib,37
BigQuery,TensorFlow,37
AWS,Linux/Unix,37
Git,Jira,37
MongoDB,R,36
AWS,Pyspark,36
AWS,Github,36
Crystal,Word,36
SAS,SSIS,36
Ggplot2,R,36
Docker,Tableau,36
Go,JavaScript,36
Ggplot2,SQL,36
Alteryx,Go,36
Azure,Pyspark,35
Git,Spark,35
SAS,Visio,35
C,VBA,35
Css,Excel,35
Java,Snowflake,35
Scala,Snowflake,35
Matlab,TensorFlow,35
Plotly,Power BI,35
BigQuery,Matlab,34
Azure,Visio,34
Github,JavaScript,34
Jira,Spark,34
MongoDB,Snowflake,34
Looker,Microstrategy,34
Crystal,SAS,34
Qlik,Snowflake,34
Php,SQL,34
Matplotlib,Seaborn,34
Airflow,Power BI,34
AWS,SSIS,34
MongoDB,Power BI,34
Pyspark,Spark,34
Atlassian,SQL,34
SSIS,Snowflake,34
Jira,Looker,34
SQL,Selenium,33
TensorFlow,VBA,33
JavaScript,VBA,33
Python,Selenium,33
C,Spark,33
Docker,Power BI,33
Linux/Unix,SAS,33
Outlook,Snowflake,33
Bash,SQL,33
Jupyter,Pandas,33
Qlik,VBA,33
AWS,Alteryx,33
Ggplot2,Python,33
Git,Pandas,32
Gitlab,SQL,32
Pandas,Spark,32
Atlassian,Jira,32
R,Visio,32
DAX,SAS,32
SQL,Seaborn,32
Html,PowerPoint,32
Hadoop,Scikit-Learn,32
Hadoop,Pandas,32
Assembly,Excel,31
Java,Jira,31
Jira,SAS,31
Go,Spark,31
Alteryx,Pandas,31
AWS,Docker,31
SSIS,VBA,31
NoSQL,Snowflake,31
Css,R,31
Pyspark,Scikit-Learn,31
NumPy,PowerPoint,31
Hadoop,NumPy,31
PowerPoint,Scala,31
Gdpr,Power BI,31
Redshift,Scala,31
GCP,Matplotlib,30
Aurora,Python,30
Gdpr,Tableau,30
Spark,Word,30
JavaScript,SSIS,30
Sharepoint,Snowflake,30
NoSQL,Redshift,30
R,Shell,30
Jira,Redshift,30
Cognos,PowerPoint,30
Perl,Tableau,29
JavaScript,SSRS,29
JavaScript,Jira,29
Jira,Visio,29
Go,Jira,29
Alteryx,Looker,29
Shell,Tableau,29
Python,Ruby,29
Java,VBA,29
Alteryx,Scala,29
Airflow,BigQuery,29
JavaScript,Sharepoint,29
C++,Linux/Unix,29
SQL,Terminal,29
SSIS,Sharepoint,28
Php,Python,28
Looker,Pandas,28
JavaScript,Looker,28
Alteryx,Jira,28
Ruby,SQL,28
C,Jira,28
Plotly,R,28
DAX,Snowflake,28
PowerPoint,Pyspark,28
Html,Word,27
C,DAX,27
Excel,Gdpr,27
C,Linux/Unix,27
PyTorch,Python,27
Azure,Qlik,27
Azure,Github,27
Matlab,SPSS,27
Ggplot2,Pandas,27
Github,SAS,27
JavaScript,PowerPoint,27
Airflow,Excel,27
JavaScript,Snowflake,27
Azure,Pandas,27
SAS,Sharepoint,27
Css,Tableau,27
Git,Java,27
Looker,Word,27
DAX,Sharepoint,27
Looker,SAP,27
JavaScript,Spark,27
PyTorch,TensorFlow,26
Hadoop,Looker,26
Outlook,VBA,26
Assembly,SQL,26
Java,MongoDB,26
Go,Pandas,26
Linux/Unix,Power BI,26
GCP,Snowflake,25
AWS,NumPy,25
Ggplot2,NumPy,25
Power BI,Scikit-Learn,25
PowerPoint,Scikit-Learn,25
Crystal,Python,25
Alteryx,Qlik,25
Go,Hadoop,25
SSRS,Snowflake,25
Alteryx,Pyspark,25
Git,SSRS,25
VBA,Visio,25
Airflow,Redshift,25
Bitbucket,SQL,25
Git,Looker,25
AWS,Outlook,25
Alteryx,NumPy,25
Alteryx,Scikit-Learn,25
Linux/Unix,Matlab,25
DAX,Qlik,25
Ggplot2,Scikit-Learn,24
C,Css,24
Excel,Terminal,24
Ggplot2,PowerPoint,24
Matlab,PowerPoint,24
SAP,Spark,24
Cognos,SPSS,24
Gitlab,Python,24
Jupyter,NumPy,24
JavaScript,Linux/Unix,24
SSRS,VBA,24
Matplotlib,VBA,24
SPSS,SSRS,24
Outlook,SSRS,24
Azure,MongoDB,24
NumPy,Snowflake,24
Linux/Unix,Perl,24
Power BI,Selenium,24
Gdpr,Python,24
Docker,SAS,24
Seaborn,Tableau,24
R,Selenium,24
BigQuery,Hadoop,24
Hadoop,Redshift,24
Pandas,Seaborn,24
Go,SPSS,23
Linux/Unix,Snowflake,23
Azure,C++,23
Cognos,SAP,23
Pandas,Plotly,23
SAP,SPSS,23
Jupyter,Looker,23
Hadoop,Jira,23
PowerPoint,Spark,23
Ggplot2,Hadoop,23
Ggplot2,Pyspark,23
GCP,Java,23
Go,Outlook,23
Jira,Qlik,23
Alteryx,Ggplot2,23
Html,SAS,23
Git,Hadoop,22
C/C++,Python,22
C++,Go,22
Github,Java,22
Excel,Perl,22
AWS,SSRS,22
Git,SSIS,22
DAX,Word,22
Java,TensorFlow,22
C,SPSS,22
Qlik,SSRS,22
Go,VBA,22
Selenium,Tableau,22
Scikit-Learn,TensorFlow,22
C,Matlab,22
Jira,Pandas,21
Docker,Excel,21
C,Redshift,21
Alteryx,Sharepoint,21
Github,Looker,21
Azure,Cognos,21
Julia,Python,21
Go,Scala,21
Power BI,Terminal,21
Bitbucket,Tableau,21
C,Outlook,21
Crystal,VBA,21
Pyspark,Snowflake,21
Pandas,SAS,21
Snowflake,Splunk,21
JavaScript,NoSQL,21
C++,Matlab,21
Julia,SQL,21
BigQuery,C,21
Looker,NumPy,20
Azure,TensorFlow,20
C++,Scala,20
Java,SAP,20
Alteryx,C,20
Jira,NoSQL,20
Tableau,Terminal,20
C,Qlik,20
Julia,R,20
Hadoop,Linux/Unix,20
Git,SAS,20
Alteryx,JavaScript,20
AWS,TensorFlow,20
AWS,Matplotlib,20
GCP,PowerPoint,20
Bitbucket,Python,20
Crystal,R,20
Snowflake,Visio,20
Python,Terminal,20
Azure,VBA,20
Git,Go,20
Jira,SAP,20
C,Git,20
Alteryx,SSRS,20
Excel,Shell,20
Go,NoSQL,20
Scala,Word,20
R,Splunk,20
Power BI,Seaborn,20
C,Html,19
Java,Selenium,19
Java,Shell,19
C,Visio,19
Hadoop,MongoDB,19
Alteryx,Java,19
Cognos,Crystal,19
Matlab,Word,19
Go,Redshift,19
Assembly,Tableau,19
Qlik,SPSS,19
Alteryx,GCP,19
Jira,Splunk,19
Java,Redshift,19
Crystal,SSIS,19
Matplotlib,Plotly,19
JavaScript,Qlik,19
MongoDB,Spark,19
C++,TensorFlow,19
Scala,Selenium,19
C,Powershell,19
Hadoop,Word,19
Qlik,Spark,19
Alteryx,Outlook,19
Linux/Unix,NoSQL,19
Airflow,GCP,19
Microstrategy,Word,18
GCP,Hadoop,18
Snowflake,VBA,18
Selenium,Spark,18
Github,Qlik,18
Cognos,Snowflake,18
Assembly,Word,18
Html,Sharepoint,18
Docker,R,18
C/C++,SQL,18
Redshift,Word,18
BigQuery,Go,18
NoSQL,Qlik,18
Docker,Git,18
Looker,SPSS,18
JavaScript,Jquery,18
MongoDB,Redshift,18
Git,Linux/Unix,18
Java,Matlab,18
C/C++,R,18
Qlik,SSIS,18
Java,Qlik,18
Powershell,R,18
Linux/Unix,Spark,18
Alteryx,Cognos,17
SAP,Visio,17
Go,NumPy,17
Power BI,Splunk,17
JavaScript,TensorFlow,17
AWS,Scikit-Learn,17
Microstrategy,SAP,17
Python,Typescript,17
Assembly,Python,17
Github,Redshift,17
Microstrategy,Scala,17
DAX,VBA,17
Java,Matplotlib,17
AWS,Plotly,17
NumPy,Plotly,17
C/C++,Java,17
Perl,SAS,17
Azure,NumPy,17
C,NoSQL,17
Azure,SPSS,17
JavaScript,SAP,17
Assembly,Power BI,17
Bash,R,17
Jira,Scala,17
Airflow,Scala,17
Docker,Github,17
Azure,Microstrategy,17
Excel,Scikit-Learn,17
Jquery,SQL,17
SAP,SSRS,17
Github,Go,17
Qlik,Redshift,17
AWS,Jupyter,16
Azure,Selenium,16
Crystal,SAP,16
PyTorch,Scikit-Learn,16
Microstrategy,Spark,16
Jupyter,Snowflake,16
AWS,Sharepoint,16
Linux/Unix,Word,16
R,Rshiny,16
Airflow,Azure,16
C++,VBA,16
Looker,Outlook,16
GCP,Git,16
Git,NumPy,16
Docker,Snowflake,16
Gitlab,Jira,16
Github,PowerPoint,16
SSRS,Visio,16
Cognos,SSRS,16
Go,Matlab,16
Gitlab,Tableau,16
Perl,Power BI,16
Powershell,SSRS,16
Powershell,SSIS,16
JavaScript,Php,16
PyTorch,SQL,16
Pandas,Word,16
Excel,Php,16
Git,JavaScript,16
Airflow,Pyspark,16
Aurora,Excel,16
AWS,Aurora,16
Atlassian,Excel,16
Go,Sharepoint,15
Crystal,PowerPoint,15
Github,Scala,15
Airflow,Pandas,15
Crystal,Sharepoint,15
Bash,Linux/Unix,15
AWS,Cognos,15
C,Docker,15
Aurora,Power BI,15
Qlik,Sharepoint,15
Github,Word,15
JavaScript,Scala,15
R,Ruby,15
C,Selenium,15
Go,SSIS,15
Excel,Seaborn,15
Excel,Selenium,15
Html,VBA,15
Crystal,Outlook,15
Css,SSIS,15
Azure,Docker,15
Go,Linux/Unix,15
Excel,Plotly,15
SAP,Scala,15
Git,NoSQL,15
Assembly,SAP,15
Github,SSIS,15
Cobol,SQL,15
Linux/Unix,MongoDB,15
JavaScript,Shell,15
NumPy,Seaborn,15
Airflow,Hadoop,14
Power BI,Shell,14
Python,Rshiny,14
Java,Visio,14
Rshiny,Tableau,14
Excel,Pyspark,14
Airflow,Jupyter,14
Airflow,NumPy,14
Assembly,R,14
C++,Spark,14
Crystal,SPSS,14
C,Shell,14
Azure,Jupyter,14
Css,Sharepoint,14
Css,SSRS,14
Jira,Linux/Unix,14
R,Terminal,14
Java,Perl,14
Atlassian,Tableau,14
Cognos,Sharepoint,14
Git,Matplotlib,14
JavaScript,Pandas,14
Pandas,Redshift,14
C,MongoDB,14
Gdpr,R,14
Aurora,R,14
Git,Redshift,14
Docker,TensorFlow,14
Asp.Net,SQL,14
Bitbucket,Power BI,14
Jira,Matplotlib,14
NumPy,Spark,14
Css,Java,14
SQL,Typescript,14
Git,PowerPoint,14
C++,Shell,13
Aurora,Tableau,13
Java,Splunk,13
Jira,NumPy,13
AWS,Selenium,13
C++,NoSQL,13
Java,SPSS,13
Hadoop,JavaScript,13
Rshiny,SQL,13
Linux/Unix,Splunk,13
NumPy,TensorFlow,13
Azure,Shell,13
Matlab,Pandas,13
Assembly,PowerPoint,13
BigQuery,Github,13
C,Crystal,13
GCP,SAP,13
BigQuery,Jira,13
JavaScript,Ruby,13
Atlassian,Python,13
Pandas,TensorFlow,13
Jupyter,Spark,13
Java,Sharepoint,13
AWS,PyTorch,13
Azure,Scikit-Learn,13
Html,Looker,13
AWS,Bitbucket,13
GCP,Redshift,13
AWS,Shell,13
C,Github,13
GCP,Word,13
AWS,C++,13
Excel,Ruby,13
Jira,MongoDB,13
Cognos,Qlik,13
C++,Github,13
C++,PowerPoint,13
Jira,SPSS,13
AWS,SPSS,12
Outlook,Qlik,12
Docker,Looker,12
Php,R,12
Java,Looker,12
Cognos,Outlook,12
Git,Word,12
Microstrategy,Redshift,12
Azure,Matplotlib,12
Alteryx,BigQuery,12
Jira,SSRS,12
Matplotlib,Snowflake,12
SPSS,Spark,12
Jquery,Python,12
Go,Visio,12
SSIS,Spark,12
SAP,SSIS,12
Airflow,SAP,12
NoSQL,SAP,12
JavaScript,MongoDB,12
Pyspark,Scala,12
Git,Scala,12
GCP,Pyspark,12
PowerPoint,Redshift,12
Matplotlib,Scikit-Learn,12
Cognos,Jira,12
Alteryx,Redshift,12
C,Splunk,12
DAX,Go,12
Scikit-Learn,Snowflake,12
Crystal,Qlik,12
Looker,Scikit-Learn,12
Looker,Pyspark,12
Github,Hadoop,12
GCP,JavaScript,12
Airflow,NoSQL,12
Java,SSRS,12
NoSQL,PowerPoint,12
Alteryx,SPSS,12
BigQuery,Qlik,12
GCP,Qlik,12
Jupyter,Matplotlib,12
Java,Outlook,12
C++,Snowflake,12
SQL,Vb.Net,12
Airflow,Docker,12
AWS,Matlab,12
Bitbucket,R,12
JavaScript,Outlook,12
Linux/Unix,Scala,11
Hadoop,Sharepoint,11
Css,PowerPoint,11
AWS,DAX,11
NumPy,Redshift,11
Keras,Python,11
Php,Tableau,11
C,Perl,11
C++,Perl,11
Powershell,Sharepoint,11
Nuix,SQL,11
Scikit-Learn,Spark,11
Java,Powershell,11
Bitbucket,Jira,11
Airflow,Git,11
Cognos,Looker,11
Html,Php,11
Dplyr,Pandas,11
Microstrategy,SSIS,11
GCP,Linux/Unix,11
Asp.Net,SSRS,11
Pyspark,Word,11
Asp.Net,C,11
DAX,Jira,11
Jira,VBA,11
AWS,Splunk,11
Ruby,Tableau,11
Azure,Splunk,11
Qlik,Visio,11
Airflow,Go,11
Hadoop,Visio,11
Alteryx,Aurora,11
Airflow,Java,11
DAX,SAP,11
SPSS,Visio,11
Excel,Gitlab,11
Node.js,SQL,11
C,C/C++,11
Go,Qlik,11
Bash,Tableau,11
Html,Snowflake,11
PyTorch,R,11
BigQuery,PowerPoint,11
Azure,Html,11
Matlab,Qlik,11
Nuix,Python,10
Nuix,R,10
Nuix,Power BI,10
Qlik,Scala,10
AWS,Visio,10
NumPy,SAS,10
NoSQL,SSRS,10
Cognos,Visio,10
C++,Word,10
AWS,VBA,10
Perl,SPSS,10
Bitbucket,Git,10
Alteryx,Visio,10
Ggplot2,Matplotlib,10
DAX,Spark,10
AWS,Html,10
SSIS,Visio,10
Jupyter,Plotly,10
Go,Microstrategy,10
Dplyr,Python,10
Power BI,Ruby,10
Azure,PyTorch,10
Graphql,SQL,10
DAX,Outlook,10
PyTorch,Tableau,10
Splunk,Word,10
Bash,Git,10
Git,Github,10
MongoDB,Scala,10
DAX,Visio,10
AWS,Bash,10
Pandas,PyTorch,10
Linux/Unix,PowerPoint,10
Go,SSRS,10
AWS,Seaborn,10
Matlab,Perl,10
NumPy,PyTorch,10
Pyspark,Redshift,10
JavaScript,Redshift,10
SAS,Selenium,10
Looker,Selenium,10
Git,Scikit-Learn,10
Atlassian,Power BI,10
Keras,TensorFlow,10
Jira,SSIS,10
Hadoop,TensorFlow,10
Jupyter,Redshift,10
C++,Html,10
C++,Hadoop,10
Julia,Tableau,10
Terminal,Word,10
Nuix,Scala,10
Nuix,Spark,10
Nuix,Tableau,10
GCP,Pandas,10
Pyspark,SAS,9
BigQuery,Jupyter,9
Pandas,VBA,9
NoSQL,Pyspark,9
Bash,Java,9
NoSQL,Pandas,9
Git,Jupyter,9
Github,SSRS,9
Redshift,Visio,9
Power BI,PyTorch,9
PowerPoint,Splunk,9
R,Seaborn,9
Power BI,Rshiny,9
Excel,Ggplot2,9
Node.js,Python,9
Azure,Matlab,9
NoSQL,NumPy,9
AWS,Typescript,9
Azure,Bitbucket,9
Html,Jquery,9
Html,Outlook,9
Java,Ruby,9
AWS,Ruby,9
Azure,Ruby,9
Hadoop,SSIS,9
Git,TensorFlow,9
Java,Pandas,9
SQL,Vue,9
Ggplot2,Power BI,9
Gitlab,Go,9
NumPy,Word,9
Redis,SQL,9
Outlook,Pandas,9
Selenium,Snowflake,9
Git,Seaborn,9
Bitbucket,Github,9
C++,Jira,9
Linux/Unix,Pandas,9
Bitbucket,Snowflake,9
Linux/Unix,Redshift,9
Snowflake,TensorFlow,9
Github,Matlab,9
BigQuery,Selenium,9
Redshift,Selenium,9
Airflow,Jira,9
DAX,Git,9
Dplyr,SQL,9
BigQuery,Pandas,9
Outlook,SSIS,9
Php,Power BI,9
Airflow,Alteryx,9
Pyspark,SAP,9
AWS,Atlassian,9
Css,Jquery,9
Gitlab,R,9
Github,Spark,9
Crystal,JavaScript,9
Cognos,Go,9
Azure,Gdpr,9
Hadoop,Qlik,9
Java,Pyspark,8
Gdpr,SAP,8
Redshift,TensorFlow,8
Java,SSIS,8
JavaScript,Powershell,8
Alteryx,Github,8
Git,Shell,8
Atlassian,R,8
Css,Word,8
Linux/Unix,Powershell,8
Go,Splunk,8
NoSQL,Visio,8
Github,Linux/Unix,8
MongoDB,Splunk,8
Docker,Linux/Unix,8
Cognos,VBA,8
Crystal,Java,8
Github,Microstrategy,8
Hadoop,Jupyter,8
Excel,TensorFlow,8
C/C++,JavaScript,8
Pandas,SSRS,8
JavaScript,NumPy,8
Jupyter,SAS,8
Go,Pyspark,8
DAX,Powershell,8
Linux/Unix,SPSS,8
Git,Powershell,8
Aurora,Azure,8
C/C++,Html,8
C/C++,Excel,8
C++,SPSS,8
Java,Jupyter,8
BigQuery,Java,8
C++,SAP,8
Looker,Ruby,8
C++,Qlik,8
Python,Swift,8
C,Pandas,8
Alteryx,Microstrategy,8
GCP,Jira,8
AWS,Powershell,8
Graphql,Python,8
SSRS,Spark,8
Matlab,SAP,8
Matlab,Outlook,8
Assembly,Qlik,8
DAX,Pyspark,8
Github,Pyspark,8
Jupyter,Qlik,8
Shell,Snowflake,8
C++,Selenium,8
Azure,Plotly,8
Git,Html,8
Gdpr,PowerPoint,8
Asp.Net,SSIS,8
Shell,Word,8
Jupyter,Scikit-Learn,8
MongoDB,SSIS,8
Docker,Redshift,8
C++,MongoDB,8
Looker,MongoDB,8
C++,Css,8
AWS,Node.js,8
Hadoop,Outlook,8
Sharepoint,Spark,8
Spark,Splunk,8
Pandas,SSIS,8
Looker,Sharepoint,8
Perl,VBA,8
Css,VBA,8
Jira,Outlook,7
Html,SPSS,7
Groovy,SQL,7
Alteryx,C++,7
Go,MongoDB,7
SSRS,Vb.Net,7
JavaScript,Vue,7
Bitbucket,Looker,7
Plotly,Spark,7
Linux/Unix,NumPy,7
Matlab,Shell,7
Outlook,Spark,7
GCP,VBA,7
JavaScript,Node.js,7
Linux/Unix,Visio,7
Linux/Unix,SSRS,7
Shell,Splunk,7
Bitbucket,SSRS,7
Go,Shell,7
Azure,Bash,7
Dplyr,NumPy,7
Azure,Crystal,7
BigQuery,Html,7
GCP,MongoDB,7
Sharepoint,Splunk,7
Css,Linux/Unix,7
C++,Looker,7
Docker,Pandas,7
Bash,Powershell,7
BigQuery,Linux/Unix,7
PowerPoint,Shell,7
Java,NumPy,7
Gitlab,Java,7
Matplotlib,TensorFlow,7
Asp.Net,Power BI,7
JavaScript,Plotly,7
Crystal,Visio,7
Qlik,Rshiny,7
Plotly,Qlik,7
Plotly,Rshiny,7
Github,Jupyter,7
BigQuery,Git,7
Fortran,Python,7
Github,Sharepoint,7
Assembly,SAS,7
Dplyr,Tableau,7
Css,Looker,7
Aurora,Spark,7
Looker,VBA,7
C,Hadoop,7
Cognos,SSIS,7
Outlook,Redshift,7
Gitlab,Snowflake,7
AWS,Gdpr,7
MongoDB,PowerPoint,7
GCP,Outlook,7
MongoDB,Redis,7
Alteryx,Perl,7
Azure,Seaborn,7
JavaScript,Perl,7
Gdpr,Snowflake,7
GCP,Go,7
Css,SAS,7
C/C++,Word,7
Git,Qlik,7
Git,Plotly,7
AWS,Gitlab,7
Go,Matplotlib,7
BigQuery,SAP,7
NoSQL,Redis,7
Looker,Seaborn,7
Git,Matlab,7
Jupyter,TensorFlow,7
Julia,Matlab,7
Shell,Spark,7
BigQuery,SSRS,7
DAX,JavaScript,7
Jira,Matlab,7
C/C++,Go,7
Alteryx,Splunk,7
C,Cognos,7
Airflow,Scikit-Learn,7
Aurora,Snowflake,7
C/C++,PowerPoint,7
C/C++,SAS,7
Scala,Shell,7
NoSQL,Plotly,7
Microstrategy,Pyspark,7
Perl,Ruby,7
Java,Php,7
Spark,Visio,7
Swift,Word,7
R,Swift,6
Assembly,Visio,6
Gdpr,Jira,6
Hadoop,SSRS,6
Airflow,C++,6
Css,Snowflake,6
Crystal,NoSQL,6
Gdpr,Go,6
Bash,Hadoop,6
Pandas,Sharepoint,6
NumPy,Sharepoint,6
BigQuery,Scikit-Learn,6
NumPy,SAP,6
NoSQL,Word,6
Ggplot2,Git,6
Excel,Julia,6
Jupyter,PowerPoint,6
Github,Gitlab,6
Julia,Scala,6
Java,Julia,6
Jira,Jquery,6
PyTorch,Spark,6
Cobol,VBA,6
Cobol,Excel,6
Keras,R,6
Azure,Keras,6
Github,NoSQL,6
Alteryx,Assembly,6
Git,Gitlab,6
Crystal,Snowflake,6
BigQuery,Shell,6
Python,Vue,6
MongoDB,Word,6
Gdpr,Looker,6
Matlab,Matplotlib,6
Html,Shell,6
Go,Jupyter,6
Jira,Seaborn,6
Hadoop,Shell,6
Linux/Unix,Looker,6
Looker,Visio,6
C,Vb.Net,6
Graphql,Tableau,6
Html,Qlik,6
Matplotlib,PyTorch,6
Git,MongoDB,6
Perl,Shell,6
AWS,Perl,6
C,TensorFlow,6
Azure,Terminal,6
Airflow,PowerPoint,6
Alteryx,Crystal,6
Github,Pandas,6
Looker,Plotly,6
Powershell,VBA,6
Airflow,Qlik,6
BigQuery,MongoDB,6
Powershell,Spark,6
BigQuery,Word,6
Scikit-Learn,Seaborn,6
DAX,NoSQL,6
Bash,Excel,6
SSRS,Scikit-Learn,6
Docker,Hadoop,6
Html,MongoDB,6
NumPy,SSRS,6
Jquery,Tableau,6
Matplotlib,Pyspark,6
Matlab,Microstrategy,6
BigQuery,Css,6
Redshift,VBA,6
BigQuery,Outlook,6
BigQuery,Pyspark,6
BigQuery,Docker,6
NoSQL,Scikit-Learn,6
Go,Html,6
Matlab,NumPy,6
Github,Shell,6
Airflow,Gitlab,6
MongoDB,SSRS,6
Alteryx,Matlab,6
Bash,Looker,6
DAX,Html,6
Power BI,Swift,6
Pandas,SAP,6
Perl,Word,6
Aurora,Redshift,6
Power BI,Vb.Net,6
Outlook,Powershell,6
Tableau,Twilio,6
SQL,Twilio,6
Docker,GCP,6
SAS,Terminal,6
PyTorch,Redshift,6
DAX,Looker,6
DAX,Github,6
SAS,Shell,6
Linux/Unix,VBA,6
BigQuery,NumPy,5
C,Jquery,5
Cognos,Microstrategy,5
Plotly,Snowflake,5
Shell,VBA,5
Cognos,Jupyter,5
Docker,Node.js,5
Perl,SAP,5
MongoDB,Powershell,5
Bitbucket,Excel,5
Looker,SSRS,5
Git,PyTorch,5
Aurora,Word,5
Plotly,Redshift,5
Powershell,SAS,5
JavaScript,Rshiny,5
Java,Plotly,5
Go,Rshiny,5
Ruby,Scala,5
Microstrategy,Qlik,5
Git,SAP,5
Css,Spark,5
GCP,SSIS,5
Graphql,Power BI,5
Redshift,Sharepoint,5
Cognos,TensorFlow,5
Hadoop,Splunk,5
Hadoop,Powershell,5
Php,SAS,5
Jira,Pyspark,5
GCP,Jupyter,5
PowerPoint,Terminal,5
Jupyter,Word,5
Ruby,SPSS,5
Ruby,SAS,5
Plotly,Scikit-Learn,5
C++,C/C++,5
Gitlab,Looker,5
Alteryx,Cobol,5
Jupyter,Pyspark,5
Aurora,Jira,5
Jupyter,Sharepoint,5
Jupyter,Outlook,5
Pandas,Qlik,5
Css,Go,5
Jquery,Shell,5
JavaScript,Typescript,5
GCP,Seaborn,5
Gitlab,Pandas,5
Gitlab,NumPy,5
Gitlab,Redshift,5
Power BI,Vue,5
Matplotlib,Word,5
Css,Git,5
Airflow,SSIS,5
Jira,Shell,5
NLTK,Python,5
Seaborn,Snowflake,5
Crystal,Powershell,5
Docker,Word,5
Dplyr,R,5
Airflow,Github,5
JavaScript,Matplotlib,5
Scala,Sharepoint,5
JavaScript,Selenium,5
Docker,Selenium,5
JavaScript,Splunk,5
Docker,Splunk,5
Julia,Power BI,5
Crystal,Spark,5
Pandas,SPSS,5
Github,VBA,5
Excel,Vue,5
Linux/Unix,TensorFlow,5
Github,Outlook,5
Git,Pyspark,5
Julia,Linux/Unix,5
C,Julia,5
Go,Powershell,5
GCP,Perl,5
Azure,Perl,5
Html,SAP,5
Redshift,SPSS,5
Cognos,Hadoop,5
Bash,Power BI,5
SSIS,Scikit-Learn,5
Docker,Spark,5
C,Terminal,5
Assembly,Azure,5
AWS,Graphql,5
NumPy,SSIS,5
Excel,Node.js,5
Dplyr,Scikit-Learn,5
Plotly,SAS,5
Azure,Gitlab,5
Jquery,Sharepoint,5
Hadoop,Matlab,5
AWS,Rshiny,5
Keras,Scikit-Learn,5
Perl,PowerPoint,5
Jupyter,Matlab,5
Linux/Unix,SSIS,5
Jupyter,MongoDB,5
Crystal,Go,5
MongoDB,Pandas,5
Matplotlib,MongoDB,5
JavaScript,Microstrategy,5
GCP,Microstrategy,5
Css,Shell,5
GCP,Scikit-Learn,5
Matlab,Ruby,5
Matplotlib,Redshift,5
Alteryx,Html,5
Power BI,Typescript,5
Excel,Typescript,5
Linux/Unix,Sharepoint,5
NoSQL,SSIS,5
MongoDB,Sharepoint,5
Html,SSIS,5
Git,VBA,5
SSIS,Vb.Net,5
C++,Crystal,5
Python,Rust,5
Redshift,Scikit-Learn,5
Github,Html,5
Gdpr,Qlik,5
Assembly,Terminal,5
Tableau,Vue,5
NoSQL,Shell,5
Bitbucket,Qlik,5
SAP,Scikit-Learn,5
Hadoop,Plotly,4
Groovy,R,4
PowerPoint,Powershell,4
Cognos,PyTorch,4
JavaScript,Pyspark,4
Assembly,Java,4
Cognos,Java,4
Airflow,TensorFlow,4
Dplyr,Excel,4
Plotly,TensorFlow,4
Microstrategy,SSRS,4
GCP,Powershell,4
Dplyr,Git,4
Python,Twilio,4
Alteryx,Typescript,4
Jira,Plotly,4
R,Typescript,4
Rust,SQL,4
Cobol,SSIS,4
Excel,Jquery,4
Looker,Shell,4
Assembly,Outlook,4
Github,Jquery,4
Alteryx,Git,4
AWS,Redis,4
Bitbucket,GCP,4
GCP,PyTorch,4
Gitlab,Word,4
TensorFlow,Word,4
Azure,Typescript,4
Plotly,Seaborn,4
Css,Php,4
Azure,Css,4
Docker,PowerPoint,4
Jira,TensorFlow,4
SPSS,Sharepoint,4
Keras,Scala,4
SSRS,Shell,4
Airflow,Shell,4
Git,Selenium,4
MongoDB,Perl,4
Microstrategy,Pandas,4
Microstrategy,NumPy,4
Keras,NumPy,4
Keras,Pandas,4
NoSQL,Outlook,4
Aurora,Git,4
Php,Ruby,4
Pandas,Selenium,4
Powershell,Qlik,4
NumPy,Shell,4
NoSQL,Sharepoint,4
C,GCP,4
MongoDB,Outlook,4
Linux/Unix,SAP,4
Github,Rshiny,4
Fortran,R,4
Jira,Perl,4
Pandas,Perl,4
Fortran,Matlab,4
Keras,SQL,4
Github,Typescript,4
Crystal,Scala,4
Aurora,Looker,4
Jupyter,Scala,4
Aurora,NoSQL,4
Docker,Html,4
Perl,Qlik,4
Asp.Net,Excel,4
C,Microstrategy,4
Git,Julia,4
Datarobot,Tableau,4
Datarobot,SQL,4
C/C++,Tableau,4
Perl,Spark,4
Jira,Typescript,4
Jupyter,Seaborn,4
Jquery,Typescript,4
C++,Julia,4
Cognos,Redshift,4
Gitlab,Power BI,4
C,Plotly,4
Aurora,Docker,4
SSIS,Shell,4
Atlassian,Looker,4
Docker,Go,4
Asp.Net,Word,4
Java,Rshiny,4
Alteryx,NoSQL,4
Dplyr,Power BI,4
Html,Pandas,4
Go,Plotly,4
Cobol,Power BI,4
Cobol,Python,4
Cobol,Tableau,4
Docker,NoSQL,4
Html,Jira,4
Seaborn,TensorFlow,4
PyTorch,Seaborn,4
Assembly,C,4
Keras,PyTorch,4
Crystal,Vb.Net,4
Plotly,Pyspark,4
Aurora,Sharepoint,4
Jira,Vue,4
Aurora,PowerPoint,4
Java,Jquery,4
Aurora,Outlook,4
AWS,Crystal,4
Fortran,Linux/Unix,4
GCP,Splunk,4
Jira,Scikit-Learn,4
Rshiny,SAS,4
Python,Redis,4
Css,DAX,4
Gitlab,JavaScript,4
Atlassian,Qlik,4
C++,Redshift,4
Css,Github,4
NoSQL,Splunk,4
Java,Node.js,4
C,Gdpr,4
Jupyter,NoSQL,4
BigQuery,Microstrategy,4
C,NumPy,4
MongoDB,TensorFlow,4
Git,Outlook,4
GCP,TensorFlow,4
Jquery,Power BI,4
Gdpr,SAS,4
Looker,Swift,4
MongoDB,Visio,4
Hadoop,Perl,4
Qlik,Splunk,4
Bitbucket,SSIS,4
Outlook,Splunk,4
Bash,BigQuery,4
Keras,Spark,4
C,Vue,4
GCP,Html,4
Atlassian,Redshift,4
Atlassian,Snowflake,4
Jupyter,PyTorch,4
JavaScript,Visio,4
Bash,Microstrategy,4
AWS,Vue,4
Powershell,Splunk,4
GCP,NumPy,4
JavaScript,Matlab,4
Git,Visio,4
Cognos,Spark,4
Matplotlib,PowerPoint,4
Splunk,Visio,4
Asp.Net,R,3
Airflow,SAS,3
C++,DAX,3
Azure,Vb.Net,3
Pandas,Shell,3
SAS,Scikit-Learn,3
MongoDB,Pyspark,3
Azure,Node.js,3
Julia,NoSQL,3
Excel,Twilio,3
Julia,TensorFlow,3
Selenium,VBA,3
PowerPoint,Selenium,3
C,Jupyter,3
Scala,Scikit-Learn,3
Gitlab,Pyspark,3
Perl,Snowflake,3
Jupyter,Visio,3
R,Vue,3
Keras,Matplotlib,3
Ggplot2,Plotly,3
Asp.Net,Azure,3
Groovy,Python,3
Linux/Unix,Outlook,3
Docker,NumPy,3
AWS,Ggplot2,3
Aurora,MongoDB,3
Ggplot2,Go,3
NLTK,Power BI,3
AWS,Julia,3
Jquery,R,3
Node.js,R,3
Powershell,Snowflake,3
Jquery,Linux/Unix,3
Assembly,Github,3
Matlab,Php,3
Azure,Rshiny,3
Linux/Unix,Php,3
Bash,Sharepoint,3
Html,SSRS,3
BigQuery,Gitlab,3
Jira,Redis,3
Redis,Sharepoint,3
Redis,Snowflake,3
Cognos,Gdpr,3
Php,SSRS,3
Julia,PowerPoint,3
Alteryx,Gdpr,3
Powershell,Word,3
Airflow,Linux/Unix,3
GCP,Github,3
Git,Keras,3
Tableau,Typescript,3
MongoDB,Plotly,3
Looker,NLTK,3
Github,Plotly,3
Microstrategy,Sharepoint,3
SPSS,Scala,3
BigQuery,PyTorch,3
Looker,Matlab,3
Airflow,Outlook,3
Html,Microstrategy,3
Looker,PyTorch,3
Looker,TensorFlow,3
JavaScript,Terminal,3
Go,Terminal,3
NLTK,SQL,3
Linux/Unix,Scikit-Learn,3
Linux/Unix,PyTorch,3
Jquery,Word,3
Excel,Vb.Net,3
Outlook,Shell,3
Jquery,Looker,3
Shell,Visio,3
Atlassian,Github,3
Linux/Unix,Matplotlib,3
Dplyr,Ggplot2,3
Linux/Unix,Plotly,3
Julia,MongoDB,3
JavaScript,Julia,3
Shell,Typescript,3
Cobol,Java,3
Azure,Cobol,3
Graphql,JavaScript,3
Assembly,Looker,3
Html,Redshift,3
Perl,Php,3
Terminal,VBA,3
Gdpr,Sharepoint,3
Dplyr,Plotly,3
Ruby,Snowflake,3
Matplotlib,SPSS,3
Github,Ruby,3
Microstrategy,Outlook,3
Go,Redis,3
Go,Ruby,3
Airflow,Matplotlib,3
Airflow,PyTorch,3
Docker,Jira,3
Git,Sharepoint,3
Asp.Net,Crystal,3
Bash,NoSQL,3
Css,Jira,3
Bash,Qlik,3
Pandas,Visio,3
C++,Pandas,3
C++,NumPy,3
C++,Matplotlib,3
Snowflake,Terminal,3
Aurora,Java,3
Qlik,Ruby,3
SPSS,SSIS,3
Jquery,SSRS,3
Airflow,Word,3
Groovy,Linux/Unix,3
Groovy,Matlab,3
Groovy,Perl,3
Airflow,C,3
MongoDB,NumPy,3
Outlook,Swift,3
MongoDB,Shell,3
Jupyter,SSIS,3
Matlab,Sharepoint,3
Powershell,SAP,3
MongoDB,Seaborn,3
Jupyter,SAP,3
JavaScript,Seaborn,3
Node.js,Power BI,3
Github,MongoDB,3
Scikit-Learn,Word,3
AWS,Terminal,3
Aurora,Visio,3
Splunk,VBA,3
Sharepoint,Shell,3
Go,Rust,3
GCP,Gdpr,3
Node.js,Tableau,3
BigQuery,Jquery,3
Crystal,DAX,3
GCP,SPSS,3
Docker,MongoDB,3
Gdpr,Github,3
Assembly,Go,3
Julia,Looker,3
Php,PowerPoint,3
Php,Scala,3
Looker,Php,3
Atlassian,Matplotlib,3
Atlassian,Pandas,3
Gdpr,SSRS,3
Gdpr,NoSQL,3
Swift,Visio,3
Linux/Unix,Ruby,3
SPSS,Swift,3
SAS,Swift,3
MongoDB,Node.js,3
Clojure,SQL,3
Clojure,Python,3
Clojure,Power BI,3
SAS,Seaborn,3
C,Fortran,3
NumPy,VBA,3
Alteryx,Linux/Unix,3
C,Gitlab,3
GCP,Matlab,3
Airflow,Bash,3
C++,Gitlab,3
C/C++,Gitlab,3
C/C++,Jira,3
Github,NumPy,3
Excel,Graphql,3
Airflow,MongoDB,3
Bash,Ruby,3
Bash,Perl,3
BigQuery,Cognos,3
C/C++,Rshiny,3
C/C++,Qlik,3
C/C++,Power BI,3
C/C++,Plotly,3
Css,Perl,3
C++,Splunk,3
Bitbucket,Java,3
NoSQL,Powershell,3
Jquery,Php,3
Pyspark,Shell,3
NumPy,Scala,3
Github,Matplotlib,3
Ggplot2,Snowflake,3
Alteryx,MongoDB,3
BigQuery,Matplotlib,3
Excel,Rshiny,3
JavaScript,Jupyter,3
NoSQL,PyTorch,3
Assembly,Jira,3
Qlik,Shell,3
MongoDB,Qlik,3
Jupyter,Selenium,3
MongoDB,SAS,3
Jquery,SSIS,3
GCP,Selenium,3
Crystal,Hadoop,3
Github,SPSS,3
Git,Microstrategy,3
Asp.Net,Jquery,3
Apl,Matlab,3
Css,Docker,3
Css,MongoDB,3
Apl,Python,3
Apl,R,3
Perl,Redshift,3
Github,Vue,3
Jira,Jupyter,3
Linux/Unix,Qlik,3
Go,Typescript,3
Cognos,JavaScript,3
Azure,Redis,3
Alteryx,Css,3
Looker,Vue,3
Linux/Unix,Selenium,3
Php,VBA,3
Java,Keras,3
DAX,Java,3
Bash,C++,3
Groovy,SAS,3
Groovy,SPSS,3
Qlik,Seaborn,3
Redshift,Splunk,3
Cobol,Sharepoint,3
Git,Vue,3
Asp.Net,Tableau,3
Selenium,Shell,3
Jira,Selenium,3
Bash,Go,3
Looker,Twilio,3
Css,Pandas,3
DAX,NumPy,3
Cobol,Go,3
Bash,SAS,3
Bash,GCP,3
Splunk,Typescript,3
DAX,Pandas,3
NumPy,Outlook,3
Ggplot2,Github,3
DAX,Scikit-Learn,3
AWS,Css,3
PyTorch,Snowflake,3
Cobol,Linux/Unix,3
R,Twilio,3
Atlassian,Sharepoint,3
NLTK,Tableau,2
DAX,Terminal,2
Alteryx,NLTK,2
TensorFlow,Theano,2
Python,Theano,2
C++,Keras,2
Matlab,Terminal,2
BigQuery,NLTK,2
Plotly,Word,2
Plotly,PowerPoint,2
Bash,SPSS,2
Pyspark,Typescript,2
Git,Graphql,2
Alteryx,Powershell,2
Jira,Powershell,2
SSIS,Terminal,2
Php,Powershell,2
Airflow,Splunk,2
C++,GCP,2
Atlassian,Spark,2
Clojure,Microstrategy,2
Clojure,JavaScript,2
Clojure,Github,2
Go,Julia,2
C,Cobol,2
SAP,Terminal,2
Alteryx,Terminal,2
Ruby,Spark,2
Keras,Theano,2
Assembly,Matlab,2
Shell,Vb.Net,2
Linux/Unix,Vb.Net,2
Git,Vb.Net,2
Cobol,Vb.Net,2
Cobol,Shell,2
Cobol,SSRS,2
Cobol,Git,2
Perl,SSRS,2
Php,Spark,2
Graphql,R,2
Graphql,Pandas,2
Graphql,Jupyter,2
Erlang,Tableau,2
Erlang,Excel,2
Bash,Html,2
Atlassian,Linux/Unix,2
Atlassian,Java,2
Atlassian,Go,2
Clojure,Qlik,2
Matlab,SSIS,2
Asp.Net,JavaScript,2
Cognos,DAX,2
Jupyter,VBA,2
Jira,Swift,2
Microstrategy,Ruby,2
Clojure,Scala,2
Clojure,Ruby,2
Clojure,R,2
Selenium,Word,2
Gdpr,Redshift,2
C,Scikit-Learn,2
Redshift,Shell,2
NLTK,SAS,2
NLTK,R,2
Julia,Word,2
Airflow,Seaborn,2
Java,Scikit-Learn,2
Keras,Linux/Unix,2
Matlab,Visio,2
Graphql,Redshift,2
Graphql,Qlik,2
C,Graphql,2
Docker,Dplyr,2
C++,Git,2
Docker,Gitlab,2
C++,Sharepoint,2
MongoDB,Ruby,2
Excel,NLTK,2
Go,Scikit-Learn,2
Graphql,Looker,2
Html,NumPy,2
Css,NumPy,2
Cognos,Linux/Unix,2
Bash,Shell,2
NoSQL,Seaborn,2
Apl,Fortran,2
Ggplot2,Seaborn,2
Ggplot2,Looker,2
Dplyr,Looker,2
Github,Powershell,2
Ggplot2,Matlab,2
Ggplot2,Julia,2
Redshift,SSIS,2
Gitlab,NoSQL,2
Jira,Terminal,2
Assembly,Linux/Unix,2
AWS,Assembly,2
Dplyr,Matplotlib,2
Julia,Matplotlib,2
Aurora,Bash,2
C,Rshiny,2
Julia,Pandas,2
Bash,C,2
Crystal,Matlab,2
Alteryx,Matplotlib,2
Redshift,SAP,2
Github,SAP,2
Git,SPSS,2
Scikit-Learn,Twilio,2
Java,PyTorch,2
Docker,Scala,2
Css,Redshift,2
Bash,Jupyter,2
Gdpr,Gitlab,2
Plotly,PyTorch,2
Ruby,Vue,2
Assembly,VBA,2
Css,SPSS,2
Microstrategy,Terminal,2
Bash,JavaScript,2
NoSQL,Ruby,2
C++,Ruby,2
Azure,Jquery,2
Jquery,Node.js,2
Atlassian,Gitlab,2
Bash,Docker,2
Power BI,Twilio,2
NLTK,Pandas,2
Alteryx,Vue,2
Github,TensorFlow,2
JavaScript,Scikit-Learn,2
C/C++,Linux/Unix,2
VBA,Vue,2
Spark,Vue,2
SPSS,Vue,2
Crystal,MongoDB,2
Bitbucket,Microstrategy,2
Bash,Bitbucket,2
JavaScript,Swift,2
Jupyter,Shell,2
NumPy,Twilio,2
Github,Perl,2
Html,Ruby,2
SSIS,Scala,2
SSRS,TensorFlow,2
SSIS,TensorFlow,2
PyTorch,SSRS,2
PyTorch,SSIS,2
Jira,Node.js,2
C++,Php,2
Aurora,DAX,2
Linux/Unix,Vue,2
Fortran,SQL,2
Pandas,Twilio,2
Pandas,Vue,2
Cobol,SAS,2
Alteryx,TensorFlow,2
Scikit-Learn,Shell,2
DAX,Shell,2
Gdpr,Spark,2
Scikit-Learn,Sharepoint,2
Groovy,MongoDB,2
Groovy,Java,2
Snowflake,Swift,2
AWS,Swift,2
Gdpr,Word,2
Spark,Swift,2
Hadoop,Ruby,2
Pandas,Scala,2
Atlassian,Seaborn,2
Aurora,Splunk,2
Aurora,Node.js,2
C,Ruby,2
Go,Perl,2
MongoDB,SAP,2
Git,Ruby,2
Keras,SAS,2
Excel,Nuix,2
Pyspark,Qlik,2
Git,Php,2
NoSQL,Node.js,2
Aurora,VBA,2
Node.js,Splunk,2
Git,Typescript,2
Gitlab,Visio,2
Bash,Spark,2
Alteryx,Jupyter,2
Docker,Pyspark,2
Jupyter,SSRS,2
Github,Seaborn,2
Redis,Redshift,2
Excel,PyTorch,2
NumPy,Selenium,2
Gitlab,SAS,2
Gitlab,PowerPoint,2
Github,Rust,2
Graphql,Snowflake,2
C++,Visio,2
GCP,Visio,2
Airflow,Plotly,2
Hadoop,Html,2
Css,Hadoop,2
Html,Visio,2
Asp.Net,Sharepoint,2
DAX,Hadoop,2
Matplotlib,Microstrategy,2
Jupyter,Linux/Unix,2
Fortran,Julia,2
Git,Rshiny,2
Crystal,Jira,2
C/C++,Crystal,2
C,Typescript,2
C,Rust,2
C,Php,2
AWS,Rust,2
GCP,Redis,2
MongoDB,Selenium,2
Hadoop,Selenium,2
GCP,Rshiny,2
Jquery,VBA,2
Julia,Snowflake,2
Julia,Redshift,2
Jquery,Scala,2
Html,Scala,2
Pyspark,Seaborn,2
Pyspark,Selenium,2
Matplotlib,SAP,2
NoSQL,Selenium,2
Rshiny,Spark,2
Rshiny,Scala,2
Microstrategy,Rshiny,2
Erlang,SQL,2
Python,Vb.Net,2
Go,Swift,2
Matlab,Rshiny,2
Hadoop,Rshiny,2
Hadoop,Php,2
Cobol,Visio,2
Css,Scala,2
GCP,SSRS,2
C++,Fortran,2
Seaborn,Spark,2
Pyspark,TensorFlow,2
MongoDB,Scikit-Learn,2
C++,Typescript,2
Linux/Unix,Microstrategy,2
Bash,VBA,2
Aurora,Go,2
Gdpr,JavaScript,2
NumPy,SPSS,2
Microstrategy,Plotly,2
Matlab,Redshift,2
Go,Php,2
Spark,Typescript,2
Php,Word,2
BigQuery,C++,2
Fortran,Java,2
Assembly,Matplotlib,2
Outlook,Terminal,2
R,Vb.Net,2
Matlab,Plotly,2
Jupyter,Microstrategy,2
DAX,GCP,2
Hadoop,Keras,2
Asp.Net,Python,2
GCP,Ggplot2,2
Dart,SQL,2
Gitlab,Linux/Unix,2
Hadoop,PyTorch,2
Rust,Solidity,2
Java,Microstrategy,2
Sharepoint,Vue,2
Julia,Qlik,2
Alteryx,Julia,2
Jupyter,Terminal,2
Plotly,SAP,2
Assembly,Spark,2
Assembly,NoSQL,2
Assembly,Hadoop,2
Redshift,Typescript,2
Cobol,Snowflake,2
Keras,Tableau,2
Html,Vue,2
Css,Vue,2
Apl,Excel,2
MongoDB,VBA,2
C,Matplotlib,2
Html,NoSQL,2
SAS,Vue,2
Redshift,Vue,2
Perl,Vue,2
Outlook,Perl,2
Keras,Power BI,2
AWS,Keras,2
Groovy,JavaScript,2
Asp.Net,Vb.Net,2
BigQuery,Ruby,2
BigQuery,Bitbucket,2
BigQuery,SSIS,2
Github,Php,2
Git,Node.js,2
Qlik,Scikit-Learn,2
NumPy,Qlik,2
Seaborn,VBA,2
Scikit-Learn,VBA,2
Datarobot,Looker,2
BigQuery,Datarobot,2
C,Ggplot2,2
Pyspark,Splunk,2
Scala,Visio,2
Jquery,PowerPoint,2
Docker,Shell,2
Github,Terminal,2
Looker,Perl,2
Mlr,SQL,2
DAX,SPSS,2
Java,Rust,2
Plotly,VBA,2
Atlassian,Azure,2
Jquery,Visio,2
PyTorch,SAS,2
Linux/Unix,Redis,2
C++,SSRS,2
Rshiny,Word,1
Atlassian,MongoDB,1
Github,Keras,1
Github,Scikit-Learn,1
Github,Selenium,1
Keras,Pyspark,1
Keras,Selenium,1
Keras,Word,1
Aurora,SAP,1
Terminal,Visio,1
BigQuery,Gdpr,1
Bitbucket,Gdpr,1
BigQuery,Julia,1
Jupyter,SPSS,1
GCP,Plotly,1
Graphql,Html,1
Graphql,Selenium,1
Asp.Net,Node.js,1
Asp.Net,Vue,1
C,Node.js,1
Jquery,Vue,1
Node.js,Sharepoint,1
Node.js,Vue,1
NoSQL,Terminal,1
Atlassian,Matlab,1
Atlassian,SAS,1
Gitlab,Matlab,1
Gitlab,Qlik,1
Bitbucket,NumPy,1
Bitbucket,Pandas,1
Bitbucket,Plotly,1
Aurora,Redis,1
Graphql,VBA,1
Elixir,Python,1
Elixir,SQL,1
Bitbucket,JavaScript,1
Bitbucket,SAS,1
Docker,NLTK,1
Perl,Visio,1
Cognos,Shell,1
Crystal,Jquery,1
DAX,Linux/Unix,1
Atlassian,Bash,1
Atlassian,Html,1
Atlassian,Shell,1
Bash,Jira,1
Erlang,Power BI,1
Graphql,NumPy,1
Assembly,Shell,1
Gitlab,MongoDB,1
Gitlab,Seaborn,1
Node.js,Scala,1
Docker,Powershell,1
Ggplot2,Word,1
Datarobot,Python,1
Datarobot,R,1
Crystal,Jupyter,1
Matplotlib,SSIS,1
Redshift,Terminal,1
Airflow,DAX,1
MongoDB,Swift,1
C/C++,Scikit-Learn,1
C/C++,TensorFlow,1
Assembly,SPSS,1
Hadoop,Terminal,1
C/C++,Hadoop,1
Node.js,Spark,1
Azure,Datarobot,1
DAX,Datarobot,1
Datarobot,Excel,1
Datarobot,Power BI,1
Assembly,BigQuery,1
Assembly,Redshift,1
Gdpr,SPSS,1
BigQuery,DAX,1
Dplyr,Seaborn,1
Go,Twilio,1
Outlook,Twilio,1
PowerPoint,Twilio,1
Twilio,Word,1
Graphql,Linux/Unix,1
Css,Theano,1
Java,Theano,1
JavaScript,Keras,1
JavaScript,Theano,1
Matplotlib,Qlik,1
SAP,Shell,1
AWS,Groovy,1
Azure,Groovy,1
Bash,Groovy,1
Bash,MongoDB,1
Go,Groovy,1
Jupyter,Splunk,1
Go,Seaborn,1
Gitlab,Matplotlib,1
Azure,Vue,1
Groovy,Ruby,1
Groovy,Tableau,1
Keras,Shell,1
Linux/Unix,Theano,1
SQL,Theano,1
Shell,TensorFlow,1
Shell,Theano,1
Dart,Excel,1
NumPy,Theano,1
Pandas,Theano,1
Power BI,Theano,1
Powershell,Ruby,1
Github,Node.js,1
Gitlab,Node.js,1
Linux/Unix,Node.js,1
GCP,Graphql,1
Scikit-Learn,Theano,1
C,Keras,1
C,Theano,1
C++,Theano,1
Css,Keras,1
Css,TensorFlow,1
Atlassian,Scikit-Learn,1
Atlassian,TensorFlow,1
Atlassian,Theano,1
Azure,Theano,1
Jira,Keras,1
Powershell,SPSS,1
Perl,Powershell,1
Powershell,Redshift,1
Matlab,Scikit-Learn,1
Groovy,Powershell,1
Jira,PyTorch,1
Jira,Theano,1
Matplotlib,Theano,1
Graphql,SAP,1
Redis,SAP,1
Perl,Terminal,1
Bitbucket,Graphql,1
Bitbucket,Pyspark,1
Bitbucket,Scala,1
Bitbucket,Spark,1
Graphql,Java,1
Graphql,Pyspark,1
Graphql,Scala,1
Graphql,Spark,1
PyTorch,Theano,1
R,Theano,1
NumPy,Splunk,1
Scala,Splunk,1
Cognos,GCP,1
Cognos,Rshiny,1
Atlassian,Keras,1
Atlassian,NumPy,1
Atlassian,PyTorch,1
Java,Typescript,1
Looker,Typescript,1
MongoDB,Typescript,1
Hadoop,Matplotlib,1
Hadoop,Seaborn,1
MongoDB,PyTorch,1
PyTorch,Pyspark,1
Docker,PyTorch,1
Atlassian,Splunk,1
Assembly,Sharepoint,1
Php,Rust,1
Php,Typescript,1
Power BI,Rust,1
NoSQL,Typescript,1
Snowflake,Typescript,1
Azure,Graphql,1
Graphql,MongoDB,1
Graphql,NoSQL,1
Graphql,Redis,1
Alteryx,Docker,1
Bitbucket,Perl,1
Git,Perl,1
Looker,SSIS,1
Assembly,Snowflake,1
Aurora,C,1
Rust,Typescript,1
Rust,Word,1
Typescript,Word,1
Ggplot2,Rshiny,1
Ggplot2,VBA,1
Html,Plotly,1
AWS,Vb.Net,1
Sharepoint,Terminal,1
Assembly,Jupyter,1
Assembly,Pandas,1
Fortran,Jira,1
Html,Matlab,1
BigQuery,Php,1
SAP,Selenium,1
Airflow,Typescript,1
BigQuery,Typescript,1
Azure,Php,1
Azure,Rust,1
Excel,Rust,1
SAP,Vb.Net,1
SAS,Vb.Net,1
Redis,Splunk,1
Redis,Tableau,1
Azure,Ggplot2,1
DAX,Selenium,1
Qlik,Selenium,1
C,Pyspark,1
Bash,Matlab,1
Aurora,Matlab,1
Ggplot2,SAS,1
AWS,Asp.Net,1
Rust,Tableau,1
Css,Rshiny,1
Ggplot2,Html,1
Ggplot2,Java,1
Ggplot2,JavaScript,1
Crystal,Gdpr,1
Gdpr,Outlook,1
SPSS,Splunk,1
Alteryx,Swift,1
SAP,Splunk,1
Azure,Julia,1
GCP,Julia,1
Julia,Rshiny,1
BigQuery,Crystal,1
Html,Rshiny,1
Rshiny,VBA,1
AWS,Php,1
NoSQL,Vb.Net,1
Qlik,Vb.Net,1
Erlang,PowerPoint,1
Erlang,Visio,1
Erlang,Word,1
Azure,NLTK,1
NLTK,Spark,1
AWS,Erlang,1
Java,Redis,1
Redis,Selenium,1
Ggplot2,SAP,1
Gdpr,Selenium,1
SPSS,Vb.Net,1
Tableau,Vb.Net,1
Css,Ggplot2,1
Css,Plotly,1
Erlang,R,1
Bitbucket,Ruby,1
Assembly,Scala,1
Dplyr,Pyspark,1
Dplyr,Spark,1
Asp.Net,C++,1
Matplotlib,Visio,1
Seaborn,Visio,1
Seaborn,Word,1
Node.js,Snowflake,1
Airflow,Bitbucket,1
Gdpr,Nuix,1
BigQuery,Cobol,1
Cobol,GCP,1
Cobol,Qlik,1
Gdpr,Swift,1
Vue,Vue.Js,1
Git,Terminal,1
Go,Jquery,1
Graphql,SSRS,1
Graphql,Word,1
Docker,Keras,1
Keras,Redshift,1
Airflow,Visio,1
Python,Solidity,1
C++,SSIS,1
C++,Vb.Net,1
Bitbucket,DAX,1
Gdpr,Html,1
Assembly,C++,1
C/C++,Matlab,1
Erlang,Python,1
Julia,Scikit-Learn,1
Cobol,Hadoop,1
Crystal,Terminal,1
Outlook,Pyspark,1
Gitlab,Sharepoint,1
Excel,Redis,1
Cognos,Pyspark,1
Cognos,Splunk,1
Gdpr,Pyspark,1
Gdpr,Splunk,1
Looker,Nuix,1
Pandas,Redis,1
Aurora,Terminal,1
Atlassian,NoSQL,1
Cognos,Scala,1
Java,Solidity,1
Excel,Keras,1
Groovy,Snowflake,1
Matlab,MongoDB,1
Html,Powershell,1
Gitlab,Shell,1
Apl,PowerPoint,1
Apl,Word,1
Css,Vue.Js,1
Html,Vue.Js,1
JavaScript,Vue.Js,1
SQL,Vue.Js,1
Tableau,Vue.Js,1
Html,Vb.Net,1
JavaScript,Vb.Net,1
Cognos,Git,1
Julia,NumPy,1
Pyspark,VBA,1
DAX,Redshift,1
BigQuery,Seaborn,1
C++,Rshiny,1
MongoDB,Php,1
Crystal,Looker,1
Aurora,BigQuery,1
Aurora,Gitlab,1
JavaScript,Rust,1
Jupyter,Rust,1
Rust,Scala,1
Rust,Spark,1
MongoDB,SPSS,1
Alteryx,Shell,1
C/C++,MongoDB,1
C/C++,Php,1
Ggplot2,Jira,1
Cognos,Seaborn,1
Outlook,Plotly,1
Outlook,PyTorch,1
Bash,Snowflake,1
C++,Plotly,1
Azure,Fortran,1
Cognos,Fortran,1
Fortran,Power BI,1
Fortran,Tableau,1
C++,Jquery,1
Jquery,Swift,1
Cobol,NoSQL,1
NumPy,Visio,1
Scikit-Learn,Visio,1
BigQuery,Rust,1
NoSQL,Perl,1
Perl,Scala,1
Atlassian,PowerPoint,1
Assembly,Git,1
C/C++,SAP,1
PyTorch,SAP,1
Crystal,Html,1
Jquery,SPSS,1
GCP,Sharepoint,1
Php,SSIS,1
Alteryx,Bash,1
Atlassian,Scala,1
Outlook,TensorFlow,1
Aurora,Pyspark,1
Keras,NoSQL,1
Cognos,Github,1
Crystal,Microstrategy,1
Excel,Groovy,1
Groovy,Power BI,1
Keras,Outlook,1
Keras,Plotly,1
Cognos,Matplotlib,1
Cognos,NumPy,1
Cognos,Pandas,1
Cognos,Plotly,1
Css,Node.js,1
Html,Node.js,1
Groovy,PowerPoint,1
Aurora,Shell,1
DAX,Jquery,1
Crystal,Perl,1
Crystal,Ruby,1
Ggplot2,Redshift,1
Asp.Net,Html,1
Ruby,SAP,1
Ruby,SSRS,1
SSRS,Scala,1
Matlab,Typescript,1
Pandas,Typescript,1
Qlik,Typescript,1
Scala,Typescript,1
DAX,Php,1
C,Seaborn,1
Bitbucket,PowerPoint,1
Perl,Sharepoint,1
Looker,Powershell,1
Docker,Qlik,1
Matlab,Powershell,1
Gitlab,Outlook,1
PyTorch,Word,1
Airflow,Crystal,1
Clojure,Tableau,1
Looker,Node.js,1
Cognos,Powershell,1
BigQuery,Visio,1
SPSS,Terminal,1
Cobol,Crystal,1
Cobol,SAP,1
Redshift,SSRS,1
Airflow,Ggplot2,1
BigQuery,Ggplot2,1
Docker,Ggplot2,1
Docker,Matplotlib,1
Ggplot2,Linux/Unix,1
Css,Qlik,1
SSIS,Splunk,1
Asp.Net,PowerPoint,1
Asp.Net,VBA,1
Asp.Net,Visio,1
Matplotlib,Outlook,1
C++,Microstrategy,1
Css,Microstrategy,1
Html,Perl,1
Microstrategy,Perl,1
Swift,VBA,1
Airflow,SSRS,1
Plotly,SSRS,1
Bitbucket,Css,1
Github,Solidity,1
Go,Solidity,1
Dplyr,Qlik,1
Dplyr,Redshift,1
Dplyr,SAS,1
Clojure,Excel,1
Clojure,Hadoop,1
Clojure,Looker,1
Clojure,Redshift,1
Clojure,Spark,1
Jquery,MongoDB,1
Airflow,Gdpr,1
Dplyr,Snowflake,1
Linux/Unix,Rust,1
Assembly,Microstrategy,1
Matplotlib,Terminal,1
NLTK,Word,1
BigQuery,SPSS,1
C++,Cognos,1
Cognos,Matlab,1
SSRS,Splunk,1
Airflow,Cognos,1
Crystal,Git,1
Crystal,Pyspark,1
Bash,Github,1
Bash,Terminal,1
Apl,Go,1
Airflow,Sharepoint,1
Cognos,Html,1
Atlassian,Bitbucket,1
Atlassian,Git,1
Looker,Terminal,1
Azure,Dplyr,1
BigQuery,Dplyr,1
C++,Dart,1
Css,Dart,1
Css,Typescript,1
Dart,Git,1
Dart,Html,1
Dart,Python,1
Dart,R,1
Datarobot,Jira,1
Datarobot,Snowflake,1
DAX,TensorFlow,1
SAS,Splunk,1
C,Swift,1
Css,Swift,1
Html,Swift,1
Java,Swift,1
Crystal,Matplotlib,1
Atlassian,C++,1
Atlassian,Perl,1
Github,Splunk,1
Groovy,Jquery,1
C++,Gdpr,1
Gdpr,Hadoop,1
Gdpr,Java,1
Gdpr,MongoDB,1
Gdpr,Scala,1
DAX,Splunk,1
GCP,Gitlab,1
Gitlab,Spark,1
Perl,SSIS,1
Bash,Css,1
Bash,Dart,1
Bash,Typescript,1
Asp.Net,Snowflake,1
Assembly,JavaScript,1
Assembly,Jquery,1
Dart,Typescript,1
Html,Typescript,1
Linux/Unix,Pyspark,1
Excel,Fortran,1
Fortran,Go,1
Fortran,Perl,1
Fortran,SAS,1
Julia,Perl,1
Julia,SAS,1
Css,Matlab,1
Css,Ruby,1
Php,SAP,1
PowerPoint,TensorFlow,1
Atlassian,SAP,1
Docker,Plotly,1
Docker,Seaborn,1
Scala,Terminal,1
Matlab,Snowflake,1
Gitlab,Rshiny,1
Microstrategy,MongoDB,1
Cognos,Perl,1
Php,Shell,1
Ruby,Shell,1
Powershell,Shell,1
Github,Visio,1
Outlook,Ruby,1
Redshift,Ruby,1
Julia,VBA,1
Asp.Net,DAX,1
Graphql,Jira,1
Graphql,Php,1
Graphql,Ruby,1
Jira,Php,1
Jira,Ruby,1
Php,Snowflake,1
Pyspark,SSIS,1
Pyspark,SSRS,1
Assembly,Typescript,1
Alteryx,Keras,1
Alteryx,PyTorch,1
Alteryx,Seaborn,1
Keras,Seaborn,1
Git,Splunk,1
Looker,Splunk,1
Php,SPSS,1
Aurora,Linux/Unix,1
Css,Visio,1
Git,Jquery,1
Html,Spark,1
Jquery,Spark,1
Docker,Visio,1
Gitlab,Selenium,1
Selenium,Visio,1
Css,Outlook,1
Docker,Outlook,1
Docker,Php,1
Outlook,Php,1
Pandas,Php,1
DAX,Microstrategy,1
Aurora,Jquery,1
Jira,Rshiny,1
Airflow,Microstrategy,1
Matplotlib,Selenium,1
Plotly,Selenium,1
Seaborn,Selenium,1
Linux/Unix,Terminal,1
NumPy,Terminal,1
Pandas,Terminal,1
Docker,Jupyter,1
Qlik,Terminal,1
Bitbucket,Linux/Unix,1
Bitbucket,Matplotlib,1
Aurora,Html,1
Aurora,Css,1
Docker,Vue,1
Microstrategy,Visio,1
Scikit-Learn,Selenium,1
